{
  "source": "TinySPAN fused manifest activation calibration",
  "manifest": "rtl\\generated\\tinyspan_x4_c32_b4_c32b4_30fps_frozen_20260613_fused\\tinyspan_manifest.json",
  "checkpoint": "runs\\tinyspan_frozen_candidates\\c32b4_30fps_frozen_20260613\\student_30fps_candidate.pt",
  "input": "G:\\REDS\\train_sharp",
  "width": 32,
  "height": 32,
  "scale": 4,
  "channels": 32,
  "num_blocks": 4,
  "images": [
    "G:\\REDS\\train_sharp\\000\\00000000.png",
    "G:\\REDS\\train_sharp\\000\\00000001.png",
    "G:\\REDS\\train_sharp\\000\\00000002.png",
    "G:\\REDS\\train_sharp\\000\\00000003.png"
  ],
  "activation_bits": 8,
  "activation_scales": {
    "input": 0.007874015718698502,
    "head.input": 0.007874015718698502,
    "head.output": 0.011038054712116718,
    "blocks.0.c1.input": 0.011038054712116718,
    "blocks.0.c1.output": 0.0071341232396662235,
    "blocks.0.act1": 0.004195267800241709,
    "blocks.0.c2.input": 0.004195267800241709,
    "blocks.0.c2.output": 0.004353681579232216,
    "blocks.0.act2": 0.0017468620790168643,
    "blocks.0.c3.input": 0.0017468620790168643,
    "blocks.0.c3.output": 0.0021909447386860847,
    "blocks.0.residual_sum": 0.010140975005924702,
    "blocks.0.sim_att": 0.0005442293477244675,
    "blocks.0.out": 0.0005746730021201074,
    "blocks.1.c1.input": 0.0005746730021201074,
    "blocks.1.c1.output": 0.002573555102571845,
    "blocks.1.act1": 0.0014952115016058087,
    "blocks.1.c2.input": 0.0014952115016058087,
    "blocks.1.c2.output": 0.002235877327620983,
    "blocks.1.act2": 0.0012531032552942634,
    "blocks.1.c3.input": 0.0012531032552942634,
    "blocks.1.c3.output": 0.0025560997892171144,
    "blocks.1.residual_sum": 0.0025043003261089325,
    "blocks.1.sim_att": 0.0006334713543765247,
    "blocks.1.out": 0.0001966624113265425,
    "blocks.2.c1.input": 0.0001966624113265425,
    "blocks.2.c1.output": 0.0020082956179976463,
    "blocks.2.act1": 0.0011315138544887304,
    "blocks.2.c2.input": 0.0011315138544887304,
    "blocks.2.c2.output": 0.002798528177663684,
    "blocks.2.act2": 0.0011531905038282275,
    "blocks.2.c3.input": 0.0011531905038282275,
    "blocks.2.c3.output": 0.0028459213208407164,
    "blocks.2.residual_sum": 0.0028567591216415167,
    "blocks.2.sim_att": 0.0007038351031951606,
    "blocks.2.out": 0.0002553572994656861,
    "blocks.3.c1.input": 0.0002553572994656861,
    "blocks.3.c1.output": 0.0020389987621456385,
    "blocks.3.act1": 0.001150767900981009,
    "blocks.3.c2.input": 0.001150767900981009,
    "blocks.3.c2.output": 0.0020035358611494303,
    "blocks.3.act2": 0.0011285340879112482,
    "blocks.3.c3.input": 0.0011285340879112482,
    "blocks.3.c3.output": 0.0016683582216501236,
    "blocks.3.residual_sum": 0.0017948482418432832,
    "blocks.3.sim_att": 0.0004155363712925464,
    "blocks.3.out": 9.322809637524188e-05,
    "fuse_tail.input": 9.322809637524188e-05,
    "fuse_tail.output": 0.0004735398688353598,
    "reconstruct.input": 0.011038054712116718,
    "reconstruct.output": 9.999999960041972e-13,
    "pixelshuffle.output": 9.999999960041972e-13,
    "output": 0.008422160521149635
  },
  "per_image": [
    {
      "image": "G:\\REDS\\train_sharp\\000\\00000000.png",
      "scales": {
        "input": 0.007874015718698502,
        "head.input": 0.007874015718698502,
        "head.output": 0.011038054712116718,
        "blocks.0.c1.input": 0.011038054712116718,
        "blocks.0.c1.output": 0.0071341232396662235,
        "blocks.0.act1": 0.004195267800241709,
        "blocks.0.c2.input": 0.004195267800241709,
        "blocks.0.c2.output": 0.004353681579232216,
        "blocks.0.act2": 0.0017468620790168643,
        "blocks.0.c3.input": 0.0017468620790168643,
        "blocks.0.c3.output": 0.0021909447386860847,
        "blocks.0.residual_sum": 0.010140975005924702,
        "blocks.0.sim_att": 0.0005442293477244675,
        "blocks.0.out": 0.0005746730021201074,
        "blocks.1.c1.input": 0.0005746730021201074,
        "blocks.1.c1.output": 0.0025714354123920202,
        "blocks.1.act1": 0.001493811490945518,
        "blocks.1.c2.input": 0.001493811490945518,
        "blocks.1.c2.output": 0.002235006308183074,
        "blocks.1.act2": 0.001252556568942964,
        "blocks.1.c3.input": 0.001252556568942964,
        "blocks.1.c3.output": 0.0025560997892171144,
        "blocks.1.residual_sum": 0.0025032139383256435,
        "blocks.1.sim_att": 0.0006334713543765247,
        "blocks.1.out": 0.00019662857812363654,
        "blocks.2.c1.input": 0.00019662857812363654,
        "blocks.2.c1.output": 0.0020080620888620615,
        "blocks.2.act1": 0.0011313676368445158,
        "blocks.2.c2.input": 0.0011313676368445158,
        "blocks.2.c2.output": 0.002798528177663684,
        "blocks.2.act2": 0.0011531905038282275,
        "blocks.2.c3.input": 0.0011531905038282275,
        "blocks.2.c3.output": 0.0028459213208407164,
        "blocks.2.residual_sum": 0.0028567591216415167,
        "blocks.2.sim_att": 0.0007038351031951606,
        "blocks.2.out": 0.0002553572994656861,
        "blocks.3.c1.input": 0.0002553572994656861,
        "blocks.3.c1.output": 0.0020388776902109385,
        "blocks.3.act1": 0.001150691881775856,
        "blocks.3.c2.input": 0.001150691881775856,
        "blocks.3.c2.output": 0.002003477420657873,
        "blocks.3.act2": 0.0011284974170848727,
        "blocks.3.c3.input": 0.0011284974170848727,
        "blocks.3.c3.output": 0.0016663973219692707,
        "blocks.3.residual_sum": 0.0017929670866578817,
        "blocks.3.sim_att": 0.00041505153058096766,
        "blocks.3.out": 9.302171383751556e-05,
        "fuse_tail.input": 9.302171383751556e-05,
        "fuse_tail.output": 0.00047343227197416127,
        "reconstruct.input": 0.011038054712116718,
        "reconstruct.output": 9.999999960041972e-13,
        "pixelshuffle.output": 9.999999960041972e-13,
        "output": 0.008422160521149635
      }
    },
    {
      "image": "G:\\REDS\\train_sharp\\000\\00000001.png",
      "scales": {
        "input": 0.007874015718698502,
        "head.input": 0.007874015718698502,
        "head.output": 0.010654729790985584,
        "blocks.0.c1.input": 0.010654729790985584,
        "blocks.0.c1.output": 0.0069082495756447315,
        "blocks.0.act1": 0.0039849854074418545,
        "blocks.0.c2.input": 0.0039849854074418545,
        "blocks.0.c2.output": 0.004298229701817036,
        "blocks.0.act2": 0.0016982562374323606,
        "blocks.0.c3.input": 0.0016982562374323606,
        "blocks.0.c3.output": 0.002163672586902976,
        "blocks.0.residual_sum": 0.009785854257643223,
        "blocks.0.sim_att": 0.0005375402397476137,
        "blocks.0.out": 0.0005525376182049513,
        "blocks.1.c1.input": 0.0005525376182049513,
        "blocks.1.c1.output": 0.002573555102571845,
        "blocks.1.act1": 0.0014952115016058087,
        "blocks.1.c2.input": 0.0014952115016058087,
        "blocks.1.c2.output": 0.00223419233225286,
        "blocks.1.act2": 0.001252045389264822,
        "blocks.1.c3.input": 0.001252045389264822,
        "blocks.1.c3.output": 0.0025554178282618523,
        "blocks.1.residual_sum": 0.0025043003261089325,
        "blocks.1.sim_att": 0.0006333054625429213,
        "blocks.1.out": 0.0001966624113265425,
        "blocks.2.c1.input": 0.0001966624113265425,
        "blocks.2.c1.output": 0.0020082956179976463,
        "blocks.2.act1": 0.0011315138544887304,
        "blocks.2.c2.input": 0.0011315138544887304,
        "blocks.2.c2.output": 0.002797901863232255,
        "blocks.2.act2": 0.0011529865441843867,
        "blocks.2.c3.input": 0.0011529865441843867,
        "blocks.2.c3.output": 0.002845469629392028,
        "blocks.2.residual_sum": 0.0028563092928379774,
        "blocks.2.sim_att": 0.0007037252653390169,
        "blocks.2.out": 0.0002552772348280996,
        "blocks.3.c1.input": 0.0002552772348280996,
        "blocks.3.c1.output": 0.0020388029515743256,
        "blocks.3.act1": 0.0011506447335705161,