{
  "source": "TinySPAN fused manifest activation calibration",
  "manifest": "rtl\\generated\\tinyspan_x2_c32_b4_x2_quality_after_x4_20260625_fused\\tinyspan_manifest.json",
  "checkpoint": "runs\\tinyspan_frozen_candidates\\x2_quality_after_x4_20260625\\student_final.pt",
  "input": "G:\\REDS\\train_sharp",
  "width": 32,
  "height": 32,
  "scale": 2,
  "channels": 32,
  "num_blocks": 4,
  "images": [
    "G:\\REDS\\train_sharp\\000\\00000000.png",
    "G:\\REDS\\train_sharp\\000\\00000001.png",
    "G:\\REDS\\train_sharp\\000\\00000002.png",
    "G:\\REDS\\train_sharp\\000\\00000003.png"
  ],
  "activation_bits": 8,
  "activation_scales": {
    "input": 0.007874015718698502,
    "head.input": 0.007874015718698502,
    "head.output": 0.008611634373664856,
    "blocks.0.c1.input": 0.008611634373664856,
    "blocks.0.c1.output": 0.006536168046295643,
    "blocks.0.act1": 0.004551622085273266,
    "blocks.0.c2.input": 0.004551622085273266,
    "blocks.0.c2.output": 0.003047495149075985,
    "blocks.0.act2": 0.0018149905372411013,
    "blocks.0.c3.input": 0.0018149905372411013,
    "blocks.0.c3.output": 0.002643160754814744,
    "blocks.0.residual_sum": 0.009287697263062,
    "blocks.0.sim_att": 0.0006546542281284928,
    "blocks.0.out": 0.0007009500404819846,
    "blocks.1.c1.input": 0.0007009500404819846,
    "blocks.1.c1.output": 0.002165501704439521,
    "blocks.1.act1": 0.001230707741342485,
    "blocks.1.c2.input": 0.001230707741342485,
    "blocks.1.c2.output": 0.002681553829461336,
    "blocks.1.act2": 0.0011146524921059608,
    "blocks.1.c3.input": 0.0011146524921059608,
    "blocks.1.c3.output": 0.0027307632844895124,
    "blocks.1.residual_sum": 0.00270925578661263,
    "blocks.1.sim_att": 0.0006759295938536525,
    "blocks.1.out": 0.00023255027190316468,
    "blocks.2.c1.input": 0.00023255027190316468,
    "blocks.2.c1.output": 0.002056727884337306,
    "blocks.2.act1": 0.0011619122233241796,
    "blocks.2.c2.input": 0.0011619122233241796,
    "blocks.2.c2.output": 0.002352133160457015,
    "blocks.2.act2": 0.0013504298403859138,
    "blocks.2.c3.input": 0.0013504298403859138,
    "blocks.2.c3.output": 0.0021329177543520927,
    "blocks.2.residual_sum": 0.0022281352430582047,
    "blocks.2.sim_att": 0.0005299927433952689,
    "blocks.2.out": 0.00014997372636571527,
    "blocks.3.c1.input": 0.00014997371181380004,
    "blocks.3.c1.output": 0.0026193992234766483,
    "blocks.3.act1": 0.001525557367131114,
    "blocks.3.c2.input": 0.001525557367131114,
    "blocks.3.c2.output": 0.0017170982901006937,
    "blocks.3.act2": 0.0009189918055199087,
    "blocks.3.c3.input": 0.0009189918055199087,
    "blocks.3.c3.output": 0.002104835119098425,
    "blocks.3.residual_sum": 0.002118995413184166,
    "blocks.3.sim_att": 0.000523097871337086,
    "blocks.3.out": 0.00014077212836127728,
    "fuse_tail.input": 0.00014077212836127728,
    "fuse_tail.output": 0.0004537634376902133,
    "reconstruct.input": 0.008611634373664856,
    "reconstruct.output": 9.999999960041972e-13,
    "pixelshuffle.output": 9.999999960041972e-13,
    "output": 0.008445742540061474
  },
  "per_image": [
    {
      "image": "G:\\REDS\\train_sharp\\000\\00000000.png",
      "scales": {
        "input": 0.007874015718698502,
        "head.input": 0.007874015718698502,
        "head.output": 0.008611634373664856,
        "blocks.0.c1.input": 0.008611634373664856,
        "blocks.0.c1.output": 0.006536168046295643,
        "blocks.0.act1": 0.004551622085273266,
        "blocks.0.c2.input": 0.004551622085273266,
        "blocks.0.c2.output": 0.003047495149075985,
        "blocks.0.act2": 0.0018149905372411013,
        "blocks.0.c3.input": 0.0018149905372411013,
        "blocks.0.c3.output": 0.002643160754814744,
        "blocks.0.residual_sum": 0.009287697263062,
        "blocks.0.sim_att": 0.0006546542281284928,
        "blocks.0.out": 0.0007009500404819846,
        "blocks.1.c1.input": 0.0007009500404819846,
        "blocks.1.c1.output": 0.002165501704439521,
        "blocks.1.act1": 0.001230707741342485,
        "blocks.1.c2.input": 0.001230707741342485,
        "blocks.1.c2.output": 0.0026813759468495846,
        "blocks.1.act2": 0.001114593236707151,
        "blocks.1.c3.input": 0.001114593236707151,
        "blocks.1.c3.output": 0.0027307632844895124,
        "blocks.1.residual_sum": 0.002708686050027609,
        "blocks.1.sim_att": 0.0006759295938536525,
        "blocks.1.out": 0.00023252189566846937,
        "blocks.2.c1.input": 0.00023252189566846937,
        "blocks.2.c1.output": 0.0020558175165206194,
        "blocks.2.act1": 0.0011613393435254693,
        "blocks.2.c2.input": 0.0011613393435254693,
        "blocks.2.c2.output": 0.002352133160457015,
        "blocks.2.act2": 0.0013504298403859138,
        "blocks.2.c3.input": 0.0013504298403859138,
        "blocks.2.c3.output": 0.002132903318852186,
        "blocks.2.residual_sum": 0.0022281091660261154,
        "blocks.2.sim_att": 0.0005299894837662578,
        "blocks.2.out": 0.00014997104881331325,
        "blocks.3.c1.input": 0.00014997104881331325,
        "blocks.3.c1.output": 0.0026193500962108374,
        "blocks.3.act1": 0.0015255247708410025,
        "blocks.3.c2.input": 0.0015255247708410025,
        "blocks.3.c2.output": 0.0017170605715364218,
        "blocks.3.act2": 0.0009189696866087615,
        "blocks.3.c3.input": 0.0009189696866087615,
        "blocks.3.c3.output": 0.0021045852918177843,
        "blocks.3.residual_sum": 0.002118755830451846,
        "blocks.3.sim_att": 0.0005230364040471613,
        "blocks.3.out": 0.0001407396630384028,
        "fuse_tail.input": 0.0001407396630384028,
        "fuse_tail.output": 0.0004537331697065383,
        "reconstruct.input": 0.008611634373664856,
        "reconstruct.output": 9.999999960041972e-13,
        "pixelshuffle.output": 9.999999960041972e-13,
        "output": 0.008445742540061474
      }
    },
    {
      "image": "G:\\REDS\\train_sharp\\000\\00000001.png",
      "scales": {
        "input": 0.007874015718698502,
        "head.input": 0.007874015718698502,
        "head.output": 0.00828666053712368,
        "blocks.0.c1.input": 0.00828666053712368,
        "blocks.0.c1.output": 0.0063602919690310955,
        "blocks.0.act1": 0.004398977383971214,
        "blocks.0.c2.input": 0.004398977383971214,
        "blocks.0.c2.output": 0.0030032387003302574,
        "blocks.0.act2": 0.0017845649272203445,
        "blocks.0.c3.input": 0.0017845649272203445,
        "blocks.0.c3.output": 0.0026409539859741926,
        "blocks.0.residual_sum": 0.009097661823034286,
        "blocks.0.sim_att": 0.0006541177863255143,
        "blocks.0.out": 0.0006860452704131603,
        "blocks.1.c1.input": 0.0006860452704131603,
        "blocks.1.c1.output": 0.0021613920107483864,
        "blocks.1.act1": 0.0012280954979360104,
        "blocks.1.c2.input": 0.0012280954979360104,
        "blocks.1.c2.output": 0.002680760808289051,
        "blocks.1.act2": 0.0011143883457407355,
        "blocks.1.c3.input": 0.0011143883457407355,
        "blocks.1.c3.output": 0.002730610780417919,
        "blocks.1.residual_sum": 0.0027090031653642654,
        "blocks.1.sim_att": 0.0006758925155736506,
        "blocks.1.out": 0.00023253636027220637,
        "blocks.2.c1.input": 0.00023253636027220637,
        "blocks.2.c1.output": 0.002055797027423978,
        "blocks.2.act1": 0.0011613264214247465,
        "blocks.2.c2.input": 0.0011613264214247465,
        "blocks.2.c2.output": 0.0023521033581346273,
        "blocks.2.act2": 0.0013504105154424906,
        "blocks.2.c3.input": 0.0013504103990271688,
        "blocks.2.c3.output": 0.0021328681614249945,
        "blocks.2.residual_sum": 0.0022280800621956587,
        "blocks.2.sim_att": 0.000529980577994138,
        "blocks.2.out": 0.0001499665668234229,
        "blocks.3.c1.input": 0.0001499665668234229,
        "blocks.3.c1.output": 0.002619303297251463,
        "blocks.3.act1": 0.0015254936879500747,