{
  "generated_at": "2026-06-25T12:00:40",
  "border": 4,
  "resize_sr_to_reference": true,
  "pair_count": 2,
  "pairs": [
    {
      "label": "x4_tile64_fixed_vs_reds_hr",
      "sr": "G:\\UESTC\\feitengspan1\\Tinyspan\\artifacts\\20260618_x4_tinyspan_c32b4_baseline_30fps_safe\\reds_val_quality_x4_00000000_tile64_20260625\\software_tiled_fixed_point_sr.png",
      "sr_sha256": "DE6DE42F96A66880C61DE3A9B1AA024034011B12130FF5C9B15EADE358D5511F",
      "reference": "G:\\REDS\\val_sharp\\000\\00000000.png",
      "reference_sha256": "0A37F98271511DB5AB9DCD652CDC3978E5351595B531722F4D14C4B17AA99735",
      "sr_original_width": 1280,
      "sr_original_height": 720,
      "reference_width": 1280,
      "reference_height": 720,
      "sr_resized_for_metric": false,
      "width": 1272,
      "height": 712,
      "channels": 3,
      "border": 4,
      "mismatch_bytes": 2495310,
      "total_bytes": 2716992,
      "max_channel_diff": 136,
      "mae_rgb_level": 8.153633117675781,
      "mae_normalized": 0.03197503183402267,
      "mse_rgb_level": 169.00099182128906,
      "psnr_db": 25.851911074894502,
      "ssim": 0.7001765370368958
    },
    {
      "label": "bicubic_lr_vs_reds_hr",
      "sr": "G:\\UESTC\\feitengspan1\\Tinyspan\\artifacts\\20260618_x4_tinyspan_c32b4_baseline_30fps_safe\\reds_val_quality_x4_00000000_tile64_20260625\\lr_input_resized.png",
      "sr_sha256": "5C24F31ABEB7C0BD761DAF38293C24663868C95A27BE0891B365C2698053E777",
      "reference": "G:\\REDS\\val_sharp\\000\\00000000.png",
      "reference_sha256": "0A37F98271511DB5AB9DCD652CDC3978E5351595B531722F4D14C4B17AA99735",
      "sr_original_width": 320,
      "sr_original_height": 180,
      "reference_width": 1280,
      "reference_height": 720,
      "sr_resized_for_metric": true,
      "width": 1272,
      "height": 712,
      "channels": 3,
      "border": 4,
      "mismatch_bytes": 2463581,
      "total_bytes": 2716992,
      "max_channel_diff": 133,
      "mae_rgb_level": 8.126997947692871,
      "mae_normalized": 0.031870580187030866,
      "mse_rgb_level": 171.52622985839844,
      "psnr_db": 25.787498189280473,
      "ssim": 0.6993477940559387
    }
  ]
}
